id_exercise,category_path,exercise_type,conversion_type
6_1,,transforme_mot,transforme_mot
6_2,well_converted/classe-cm,classe,classe
6_4,,expression_ecrite,expression_ecrite
7_6,,transforme_phrase,transforme_phrase
7_7,,coche_mots,coche_mots
7_8,,vrai-faux,vrai-faux
7_11,,transforme_mot,transforme_mot
7_13,,expression_ecrite,expression_ecrite
8_2,,coche_phrases,coche_phrases
9_4,,swap,swap
9_7,,transforme_phrase,transforme_phrase
9_8,,texte,texte
9_9,,expression_ecrite,expression_ecrite
9_10,,remplir_clavier_image,remplir_clavier_image
11_1,,coche_phrases,coche_phrases
11_2,,classe,classe
11_3,,edit_phrase,edit_phrase
11_4,,edit_phrase,edit_phrase
11_6,,texte,texte
11_7,,expression_ecrite,expression_ecrite
12_1,,coche_phrases,coche_phrases
13_2,,classe-cm,classe-cm
13_4,,transforme_phrase,transforme_phrase
13_5,,transforme_phrase,transforme_phrase
13_6,,transforme_phrase,transforme_phrase
13_7,,texte,texte
13_8,,transforme_phrase,transforme_phrase
13_9,,expression_ecrite,expression_ecrite
14_1,,coche_phrases,coche_phrases
15_3,,transforme_phrase,transforme_phrase
15_4,,remplir_clavier,remplir_clavier
15_5,,choix-multiples,choix-multiples
15_6,,transforme_phrase,transforme_phrase
15_7,,transforme_phrase,transforme_phrase
15_8,,transforme_phrase,transforme_phrase
15_9,,transforme_phrase,transforme_phrase
15_10,,remplir_clavier_image,remplir_clavier_image
15_11,,expression_ecrite,expression_ecrite
16_1,,coche_mots,coche_mots
16_2,,coche_mots,coche_mots
16_3,,transforme_mot,transforme_mot
16_4,,remplir_clavier,remplir_clavier
16_5,,transforme_mot,transforme_mot
16_8,,edit_phrase,edit_phrase
17_9,incorrectly_converted/texte,choix-multiples,choix-multiples
17_10,,choix-multiples,choix-multiples
17_11,,classe,classe
17_12,,transforme_phrase,transforme_phrase
17_13,,classe-cm,classe-cm
17_14,,transforme_phrase,transforme_phrase
17_15,,transforme_phrase,transforme_phrase
18_1,,coche_mots,coche_mots
18_2,,vrai-faux,vrai-faux
19_3,,classe,classe
19_4,,remplir_clavier,remplir_clavier
19_5,,edit_phrase,edit_phrase
19_6,,remplir_clavier_image,remplir_clavier_image
19_7,,remplir_clavier,remplir_clavier
19_8,,expression_ecrite,expression_ecrite
20_1,,vrai-faux,vrai-faux
21_2,,edit_phrase,edit_phrase
21_3,,coche_mots,coche_mots
21_4,,coche_mots,coche_mots
21_5,,choix-multiples,choix-multiples
21_6,,edit_phrase,edit_phrase
21_7,,choix-multiples,choix-multiples
21_8,,remplir_clavier,remplir_clavier
21_9,,expression_ecrite,expression_ecrite
21_10,,expression_ecrite,expression_ecrite
22_1,,coche_phrases,coche_phrases
22_2,,coche_mots,coche_mots
22_3,,cache_intrus,cache_intrus
23_4,,coche_mots,coche_mots
23_5,,coche_mots,coche_mots
23_6,,edit_phrase,edit_phrase
23_7,,edit_phrase,edit_phrase
23_8,,remplir_clavier_double,remplir_clavier_double
23_9,,remplir_clavier,remplir_clavier
23_10,,coche_mots,coche_mots
23_11,,expression_ecrite,expression_ecrite
24_1,,coche_mots,coche_mots
24_2,,coche_mots,coche_mots
25_3,,coche_mots,coche_mots
25_4,,coche_mots,coche_mots
25_5,,edit_phrase,edit_phrase
25_6,,coche_phrases,coche_phrases
25_7,,choix-multiples,choix-multiples
25_8,,remplir_clavier,remplir_clavier
25_9,,remplir_clavier_double,remplir_clavier_double
25_10,,expression_ecrite,expression_ecrite
26_1,,coche_mots,coche_mots
26_2,,cache_intrus,cache_intrus
26_3,,coche_mots,coche_mots
26_5,,choix-multiples,choix-multiples
26_6,,choix-multiples,choix-multiples
26_7,,edit_phrase,edit_phrase
26_8,,remplir_clavier,remplir_clavier
27_9,,coche_mots,coche_mots
27_10,,coche_intrus,coche_intrus
27_12,,transforme_mot,transforme_mot
27_13,,coche_mots,coche_mots
27_14,,remplir_clavier_double,remplir_clavier_double
27_15,,coche_mots,coche_mots
27_16,,remplir_clavier,remplir_clavier
28_1,,coche_phrases,coche_phrases
28_2,,cache_intrus,cache_intrus
29_3,,classe,classe
29_4,,edit_phrase,edit_phrase
29_6,,edit_phrase,edit_phrase
29_7,,transforme_mot,transforme_mot
29_8,,transforme_mot,transforme_mot
29_9,,classe,classe
29_10,,classe,classe
29_11,,expression_ecrite,expression_ecrite
30_1,,classe,classe
30_2,,coche_mots,coche_mots
31_3,,choix-multiples,choix-multiples
31_4,,remplir_clavier,remplir_clavier
31_5,,edit_phrase,edit_phrase
31_6,,remplir_clavier_double,remplir_clavier_double
31_7,,choix-multiples,choix-multiples
31_8,,edit_phrase,edit_phrase
31_9,,expression_ecrite,expression_ecrite
32_1,,vrai-faux,vrai-faux
33_3,,coche_phrases,coche_phrases
33_4,,coche_mots,coche_mots
33_6,,edit_phrase,edit_phrase
33_7,,transforme_phrase,transforme_phrase
33_8,,remplir_clavier,remplir_clavier
33_9,,expression_ecrite,expression_ecrite
34_1,,coche_phrases,coche_phrases
34_2,,coche_mots,coche_mots
35_3,,coche_mots,coche_mots
35_4,,choix-multiples,choix-multiples
35_5,,edit_phrase,edit_phrase
35_7,,edit_phrase,edit_phrase
35_8,,transforme_mot,transforme_mot
35_9,,texte,texte
35_10,,expression_ecrite,expression_ecrite
36_1,,coche_phrases,coche_phrases
36_2,,edit_phrase,edit_phrase
37_3,,edit_phrase,edit_phrase
37_4,,edit_phrase,edit_phrase
37_6,,transforme_mot,transforme_mot
37_7,,choix-multiples,choix-multiples
37_8,,remplir_clavier_image,remplir_clavier_image
37_9,,remplir_clavier_double,remplir_clavier_double
37_10,,remplir_clavier,remplir_clavier
37_11,,expression_ecrite,expression_ecrite
38_1,,coche_mots,coche_mots
38_2,,transforme_mot,transforme_mot
38_3,,edit_phrase,edit_phrase
38_4,,transforme_mot,transforme_mot
38_5,,coche_intrus,coche_intrus
38_6,,classe-cm,classe-cm
38_7,,classe,classe
39_8,,choix-multiples,choix-multiples
39_9,,coche_mots,coche_mots
39_10,,edit_phrase,edit_phrase
39_11,,coche_mots,coche_mots
39_12,,coche_mots,coche_mots
39_13,,edit_phrase,edit_phrase
39_14,,transforme_mot,transforme_mot
42_1,,coche_phrases,coche_phrases
43_2,,classe,classe
43_3,,coche_groupe_mots,coche_groupe_mots
43_4,,coche_groupe_mots,coche_groupe_mots
43_5,,coche_groupe_mots,coche_groupe_mots
43_6,,choix-multiples,choix-multiples
43_7,,choix-multiples,choix-multiples
43_9,,remplir_clavier_image,remplir_clavier_image
44_1,,coche_mots,coche_mots
44_2,,coche_mots,coche_mots
45_4,,remplir_clavier,remplir_clavier
45_5,,remplir_clavier,remplir_clavier
45_6,,remplir_clavier_image,remplir_clavier_image
45_7,,transforme_mot,transforme_mot
45_8,,transforme_phrase,transforme_phrase
45_9,,transforme_mot,transforme_mot
45_10,,cache_intrus,cache_intrus
45_11,,transforme_phrase,transforme_phrase
46_1,,coche_mots,coche_mots
46_2,,coche_mots,coche_mots
47_3,,transforme_phrase,transforme_phrase
47_4,,edit_phrase,edit_phrase
47_6,,classe,classe
47_7,,choix-multiples,choix-multiples
47_8,,choix-multiples,choix-multiples
47_9,,remplir_clavier,remplir_clavier
47_10,,classe-cm,classe-cm
48_1,,coche_groupe_mots,coche_groupe_mots
48_2,,coche_mots,coche_mots
49_3,,choix-multiples,choix-multiples
49_4,,remplir_clavier,remplir_clavier
49_5,,choix-multiples,choix-multiples
49_6,,remplir_clavier,remplir_clavier
49_7,,remplir_clavier_cadre,remplir_clavier_cadre
49_8,,expression_ecrite,expression_ecrite
49_9,,expression_ecrite,expression_ecrite
50_1,,coche_groupe_mots,coche_groupe_mots
51_2,,choix-multiples,choix-multiples
51_3,,remplir_clavier,remplir_clavier
51_4,,transforme_mot,transforme_mot
51_5,,remplir_clavier_cadre,remplir_clavier_cadre
51_6,,remplir_clavier_cadre,remplir_clavier_cadre
51_7,,remplir_clavier_cadre,remplir_clavier_cadre
51_8,,remplir_clavier,remplir_clavier
51_9,,transforme_phrase,transforme_phrase
51_10,,expression_ecrite,expression_ecrite
51_11,,expression_ecrite,expression_ecrite
52_1,,coche_mots,coche_mots
52_2,,cache_intrus,cache_intrus
52_3,,classe-cm,classe-cm
52_4,,classe,classe
52_5,,remplir_clavier,remplir_clavier
53_6,,choix-multiples,choix-multiples
53_8,,remplir_clavier_cadre,remplir_clavier_cadre
53_9,,edit_phrase,edit_phrase
53_10,,remplir_clavier,remplir_clavier
53_11,,expression_ecrite,expression_ecrite
54_1,,vrai-faux,vrai-faux
54_2,,choix-multiples,choix-multiples
54_3,,choix-multiples,choix-multiples
54_4,,cache_intrus,cache_intrus
54_5,,coche_phrases,coche_phrases
55_6,,remplir_clavier,remplir_clavier
55_7,,choix-multiples,choix-multiples
55_8,,remplir_clavier_cadre,remplir_clavier_cadre
55_9,,remplir_clavier,remplir_clavier
55_10,,remplir_clavier,remplir_clavier
55_11,,remplir_clavier_double,remplir_clavier_double
55_12,,edit_phrase,edit_phrase
55_13,,edit_phrase,edit_phrase
55_14,,edit_phrase,edit_phrase
56_1,,cache_intrus,cache_intrus
56_3,,choix-multiples,choix-multiples
56_4,,choix-multiples,choix-multiples
57_5,,choix-multiples,choix-multiples
57_6,,transforme_mot,transforme_mot
57_7,,remplir_clavier,remplir_clavier
57_8,,remplir_clavier,remplir_clavier
57_9,,remplir_clavier,remplir_clavier
57_10,,edit_phrase,edit_phrase
57_11,,transforme_phrase,transforme_phrase
57_12,,transforme_phrase,transforme_phrase
57_13,,edit_phrase,edit_phrase
57_14,,expression_ecrite,expression_ecrite
57_15,,expression_ecrite,expression_ecrite
58_1,,vrai-faux,vrai-faux
58_2,,cache_intrus,cache_intrus
58_3,,choix-multiples,choix-multiples
58_4,,transforme_mot,transforme_mot
58_5,,choix-multiples,choix-multiples
58_6,,remplir_clavier,remplir_clavier
59_7,,remplir_clavier,remplir_clavier
59_8,,remplir_clavier,remplir_clavier
59_9,,edit_phrase,edit_phrase
59_10,,edit_phrase,edit_phrase
59_11,,remplir_clavier,remplir_clavier
59_12,,expression_ecrite,expression_ecrite
60_1,,cache_intrus,cache_intrus
60_2,,coche_mots,coche_mots
60_4,,remplir_clavier,remplir_clavier
60_5,,choix-multiples,choix-multiples
61_6,,remplir_clavier_cadre,remplir_clavier_cadre
61_7,,transforme_phrase,transforme_phrase
61_8,,remplir_clavier,remplir_clavier
61_9,,transforme_phrase,transforme_phrase
61_10,,edit_phrase,edit_phrase
61_11,,remplir_clavier,remplir_clavier
61_12,,transforme_phrase,transforme_phrase
61_13,,transforme_phrase,transforme_phrase
61_14,,expression_ecrite,expression_ecrite
62_1,,coche_phrases,coche_phrases
62_2,,cache_intrus,cache_intrus
62_3,,coche_mots,coche_mots
62_5,,remplir_clavier,remplir_clavier
62_6,,coche_groupe_mots,coche_groupe_mots
62_7,,choix-multiples,choix-multiples
63_8,,remplir_clavier,remplir_clavier
63_9,,remplir_clavier_image,remplir_clavier_image
63_10,,transforme_mot,transforme_mot
63_11,,remplir_clavier_cadre,remplir_clavier_cadre
63_12,,transforme_phrase,transforme_phrase
63_13,,edit_phrase,edit_phrase
64_1,,cache_intrus,cache_intrus
65_2,,coche_phrases,coche_phrases
65_4,,remplir_clavier_cadre,remplir_clavier_cadre
65_5,,transforme_mot,transforme_mot
65_6,,remplir_clavier,remplir_clavier
65_7,,transforme_phrase,transforme_phrase
65_8,,texte,texte
65_9,,expression_ecrite,expression_ecrite
66_1,,classe,classe
66_2,,coche_phrases,coche_phrases
66_3,,choix-multiples,choix-multiples
66_4,,remplir_clavier,remplir_clavier
66_5,,remplir_clavier,remplir_clavier
66_6,,remplir_clavier,remplir_clavier
67_7,,remplir_clavier_cadre,remplir_clavier_cadre
67_8,,choix-multiples,choix-multiples
67_9,,transforme_phrase,transforme_phrase
67_10,,edit_phrase,edit_phrase
67_11,,remplir_clavier,remplir_clavier
67_12,,remplir_clavier,remplir_clavier
67_13,,edit_phrase,edit_phrase
67_14,,texte,texte
67_15,,remplir_clavier,remplir_clavier
68_1,,coche_phrases,coche_phrases
68_2,,cache_intrus,cache_intrus
68_3,,coche_groupe_mots,coche_groupe_mots
68_4,,choix-multiples,choix-multiples
69_5,,edit_phrase,edit_phrase
69_6,,edit_phrase,edit_phrase
69_7,,remplir_clavier_cadre,remplir_clavier_cadre
69_8,,edit_phrase,edit_phrase
69_9,,edit_phrase,edit_phrase
69_10,,edit_phrase,edit_phrase
69_11,,remplir_clavier,remplir_clavier
69_12,,remplir_clavier_double,remplir_clavier_double
69_13,,transforme_phrase,transforme_phrase
69_14,,expression_ecrite,expression_ecrite
70_1,incorrectly_extracted/coche_phrases,coche_phrases,coche_phrases
70_2,,coche_phrases,coche_phrases
70_3,,transforme_phrase,transforme_phrase
70_4,,coche_groupe_mots,coche_groupe_mots
70_5,,cache_intrus,cache_intrus
70_6,,choix-multiples,choix-multiples
71_7,,remplir_clavier,remplir_clavier
71_8,,choix-multiples,choix-multiples
71_9,,remplir_clavier,remplir_clavier
71_10,,remplir_clavier_cadre,remplir_clavier_cadre
71_11,,edit_phrase,edit_phrase
71_12,,edit_phrase,edit_phrase
71_13,,transforme_phrase,transforme_phrase
71_14,,expression_ecrite,expression_ecrite
72_1,,coche_phrases,coche_phrases
72_2,,coche_phrases,coche_phrases
72_3,,coche_phrases,coche_phrases
72_4,,coche_groupe_mots,coche_groupe_mots
72_5,,coche_mots,coche_mots
72_6,,coche_intrus,coche_intrus
72_8,,remplir_clavier,remplir_clavier
73_9,,remplir_clavier,remplir_clavier
73_10,,transforme_mot,transforme_mot
73_11,,remplir_clavier_cadre,remplir_clavier_cadre
73_12,,edit_phrase,edit_phrase
73_13,,remplir_clavier,remplir_clavier
73_14,,transforme_mot,transforme_mot
73_15,,remplir_clavier_cadre,remplir_clavier_cadre
73_16,,remplir_clavier_image,remplir_clavier_image
73_17,,edit_phrase,edit_phrase
73_18,,remplir_clavier_double,remplir_clavier_double
74_1,,coche_phrases,coche_phrases
75_2,,coche_groupe_mots,coche_groupe_mots
75_3,,coche_mots,coche_mots
75_4,,coche_mots,coche_mots
75_5,,remplir_clavier,remplir_clavier
75_6,,remplir_clavier_cadre,remplir_clavier_cadre
75_7,,remplir_clavier_cadre,remplir_clavier_cadre
75_8,,edit_phrase,edit_phrase
75_9,,expression_ecrite,expression_ecrite
76_1,,coche_mots,coche_mots
77_3,,remplir_clavier,remplir_clavier
77_4,,remplir_clavier,remplir_clavier
77_5,,remplir_clavier,remplir_clavier
77_6,,remplir_clavier,remplir_clavier
77_7,,edit_phrase,edit_phrase
77_8,,remplir_clavier,remplir_clavier
77_9,,edit_phrase,edit_phrase
77_11,,expression_ecrite,expression_ecrite
78_1,,coche_groupe_mots,coche_groupe_mots
78_2,,coche_phrases,coche_phrases
78_3,,remplir_clavier,remplir_clavier
79_5,,edit_phrase,edit_phrase
79_6,,remplir_clavier,remplir_clavier
79_7,,edit_phrase,edit_phrase
79_8,,remplir_clavier,remplir_clavier
79_9,,transforme_phrase,transforme_phrase
79_10,,remplir_clavier,remplir_clavier
79_11,,remplir_clavier,remplir_clavier
79_12,,expression_ecrite,expression_ecrite
80_1,,coche_phrases,coche_phrases
80_2,,coche_phrases,coche_phrases
80_3,,remplir_clavier,remplir_clavier
81_4,,transforme_phrase,transforme_phrase
81_5,,edit_phrase,edit_phrase
81_6,,remplir_clavier,remplir_clavier
81_7,,remplir_clavier_cadre,remplir_clavier_cadre
81_8,,edit_phrase,edit_phrase
81_9,,edit_phrase,edit_phrase
81_10,,expression_ecrite,expression_ecrite
81_11,,remplir_clavier,remplir_clavier
81_12,,remplir_clavier_cadre,remplir_clavier_cadre
81_13,,expression_ecrite,expression_ecrite
82_1,,coche_phrases,coche_phrases
82_2,,coche_phrases,coche_phrases
83_4,,coche_mots,coche_mots
83_5,,coche_mots,coche_mots
83_6,,remplir_clavier,remplir_clavier
83_7,,remplir_clavier,remplir_clavier
83_8,,transforme_mot,transforme_mot
83_9,,edit_phrase,edit_phrase
83_10,,transforme_phrase,transforme_phrase
83_11,,texte,texte
83_12,,expression_ecrite,expression_ecrite
84_1,,coche_groupe_mots,coche_groupe_mots
84_2,,coche_phrases,coche_phrases
84_4,,remplir_clavier,remplir_clavier
84_5,,coche_phrases,coche_phrases
85_7,,remplir_clavier,remplir_clavier
85_8,,remplir_clavier,remplir_clavier
85_9,,remplir_clavier_cadre,remplir_clavier_cadre
85_10,,edit_phrase,edit_phrase
85_11,,remplir_clavier,remplir_clavier
85_12,,remplir_clavier,remplir_clavier
85_13,,texte,texte
86_1,,coche_groupe_mots,coche_groupe_mots
86_2,,coche_phrases,coche_phrases
86_3,,transforme_phrase,transforme_phrase
87_5,,edit_phrase,edit_phrase
87_6,,edit_phrase,edit_phrase
87_7,,remplir_clavier_cadre,remplir_clavier_cadre
87_8,,remplir_clavier_cadre,remplir_clavier_cadre
87_9,,remplir_clavier_cadre,remplir_clavier_cadre
87_10,,expression_ecrite,expression_ecrite
87_11,,edit_phrase,edit_phrase
87_12,,edit_phrase,edit_phrase
87_13,,expression_ecrite,expression_ecrite
88_1,,coche_mots,coche_mots
88_2,,coche_mots,coche_mots
88_3,,coche_phrases,coche_phrases
88_4,,transforme_phrase,transforme_phrase
88_5,,classe,classe
88_7,,coche_mots,coche_mots
89_9,,transforme_mot,transforme_mot
89_10,,edit_phrase,edit_phrase
89_11,,remplir_clavier,remplir_clavier
89_12,,edit_phrase,edit_phrase
89_13,,coche_phrases,coche_phrases
89_14,,remplir_clavier,remplir_clavier
89_15,,remplir_clavier,remplir_clavier
89_16,,remplir_clavier_cadre,remplir_clavier_cadre
92_1,,coche_phrases,coche_phrases
92_2,,transforme_mot,transforme_mot
93_4,,swap,swap
93_5,,expression_ecrite,expression_ecrite
93_6,,expression_ecrite,expression_ecrite
93_7,,transforme_phrase,transforme_phrase
93_11,,expression_ecrite,expression_ecrite
94_1,,classe,classe
94_2,,coche_intrus,coche_intrus
94_3,,classe,classe
94_4,,edit_phrase,edit_phrase
95_5,,remplir_clavier_image,remplir_clavier_image
95_6,,edit_phrase,edit_phrase
95_7,,edit_phrase,edit_phrase
95_8,,edit_phrase,edit_phrase
95_9,,edit_phrase,edit_phrase
95_10,,edit_phrase,edit_phrase
95_11,,texte,texte
95_12,,expression_ecrite,expression_ecrite
96_1,,classe,classe
96_2,,classe,classe
96_3,,classe,classe
97_4,,coche_intrus,coche_intrus
97_5,,coche_mots,coche_mots
97_6,,choix-multiples,choix-multiples
97_7,,choix-multiples,choix-multiples
97_8,,choix-multiples,choix-multiples
97_9,,choix-multiples,choix-multiples
97_10,,remplir_clavier,remplir_clavier
97_11,,remplir_clavier_image,remplir_clavier_image
97_12,,remplir_clavier_image,remplir_clavier_image
97_13,,choix-multiples,choix-multiples
97_14,,remplir_clavier_image,remplir_clavier_image
98_1,,classe,classe
99_2,,vrai-faux,vrai-faux
99_3,,coche_intrus,coche_intrus
99_4,,choix-multiples,choix-multiples
99_5,,choix-multiples,choix-multiples
99_6,,choix-multiples,choix-multiples
99_7,,remplir_clavier_image,remplir_clavier_image
99_8,,remplir_clavier,remplir_clavier
99_9,,texte,texte
99_10,,expression_ecrite,expression_ecrite
100_1,,classe,classe
101_2,,cache_intrus,cache_intrus
101_3,,coche_mots,coche_mots
101_4,,choix-multiples,choix-multiples
101_5,,coche_mots,coche_mots
101_6,,coche_mots,coche_mots
101_7,,remplir_clavier,remplir_clavier
101_8,,texte,texte
101_9,,transforme_phrase,transforme_phrase
101_10,,expression_ecrite,expression_ecrite
102_1,,vrai-faux,vrai-faux
102_2,,coche_mots,coche_mots
103_3,,cache_intrus,cache_intrus
103_4,,classe,classe
103_5,,choix-multiples,choix-multiples
103_6,,remplir_clavier,remplir_clavier
103_7,,choix-multiples,choix-multiples
103_8,,choix-multiples,choix-multiples
103_9,,remplir_clavier,remplir_clavier
103_10,,remplir_clavier_cadre,remplir_clavier_cadre
103_11,,texte,texte
103_12,,expression_ecrite,expression_ecrite
104_1,,coche_mots,coche_mots
105_2,,cache_intrus,cache_intrus
105_4,,remplir_clavier_image,remplir_clavier_image
105_5,,choix-multiples,choix-multiples
105_6,,remplir_clavier,remplir_clavier
105_7,,choix-multiples,choix-multiples
105_8,,transforme_mot,transforme_mot
105_9,,transforme_mot,transforme_mot
105_10,,expression_ecrite,expression_ecrite
105_11,,remplir_clavier_image,remplir_clavier_image
106_1,,choix-multiples,choix-multiples
106_2,,transforme_mot,transforme_mot
106_3,,edit_phrase,edit_phrase
106_4,,choix-multiples,choix-multiples
106_5,,remplir_clavier_image,remplir_clavier_image
106_6,,expression_ecrite,expression_ecrite
106_7,,expression_ecrite,expression_ecrite
106_8,,coche_mots,coche_mots
106_9,,choix-multiples,choix-multiples
106_10,,remplir_clavier_image,remplir_clavier_image
106_11,,remplir_clavier,remplir_clavier
106_12,,remplir_clavier,remplir_clavier
107_13,,remplir_clavier,remplir_clavier
107_14,,remplir_clavier,remplir_clavier
107_15,,remplir_clavier,remplir_clavier
107_16,,remplir_clavier_image,remplir_clavier_image
107_17,,choix-multiples,choix-multiples
107_18,,remplir_clavier,remplir_clavier
107_19,,choix-multiples,choix-multiples
107_20,,remplir_clavier_image,remplir_clavier_image
107_21,,remplir_clavier,remplir_clavier
107_22,,remplir_clavier,remplir_clavier
107_23,,remplir_clavier,remplir_clavier
108_1,,vrai-faux,vrai-faux
108_2,,coche_mots,coche_mots
109_3,,choix-multiples,choix-multiples
109_4,,choix-multiples,choix-multiples
109_5,,choix-multiples,choix-multiples
109_6,,choix-multiples,choix-multiples
109_8,,remplir_clavier_image,remplir_clavier_image
109_9,,choix-multiples,choix-multiples
109_11,,remplir_clavier,remplir_clavier
109_12,,transforme_mot,transforme_mot
109_13,,swap,swap
109_14,,transforme_mot,transforme_mot
109_15,,remplir_clavier,remplir_clavier
110_1,,coche_mots,coche_mots
110_2,,coche_mots,coche_mots
110_3,,cache_intrus,cache_intrus
111_4,,remplir_clavier,remplir_clavier
111_5,,remplir_clavier,remplir_clavier
111_6,,classe,classe
111_7,,choix-multiples,choix-multiples
111_8,,choix-multiples,choix-multiples
111_9,,transforme_mot,transforme_mot
111_10,,remplir_clavier_image,remplir_clavier_image
111_11,,expression_ecrite,expression_ecrite
112_1,,coche_phrases,coche_phrases
113_2,,coche_mots,coche_mots
113_3,,coche_mots,coche_mots
113_5,,transforme_mot,transforme_mot
113_7,,transforme_mot,transforme_mot
113_8,,remplir_clavier,remplir_clavier
113_9,,remplir_clavier,remplir_clavier
113_10,,remplir_clavier_image,remplir_clavier_image
113_11,,remplir_clavier,remplir_clavier
114_1,,coche_phrases,coche_phrases
114_2,,coche_intrus,coche_intrus
115_3,,classe,classe
115_4,,choix-multiples,choix-multiples
115_5,,transforme_mot,transforme_mot
115_6,,transforme_mot,transforme_mot
115_7,,transforme_phrase,transforme_phrase
115_8,,choix-multiples,choix-multiples
115_9,,choix-multiples,choix-multiples
115_10,,remplir_clavier,remplir_clavier
116_1,,coche_intrus,coche_intrus
116_2,,choix-multiples,choix-multiples
117_3,,choix-multiples,choix-multiples
117_4,,choix-multiples,choix-multiples
117_5,,choix-multiples,choix-multiples
117_6,,remplir_clavier_image,remplir_clavier_image
117_7,,remplir_clavier,remplir_clavier
117_8,,transforme_phrase,transforme_phrase
117_9,,remplir_clavier,remplir_clavier
117_10,,expression_ecrite,expression_ecrite
118_1,,coche_mots,coche_mots
119_2,,classe,classe
119_3,,coche_mots,coche_mots
119_4,,swap,swap
119_6,,choix-multiples,choix-multiples
119_7,,choix-multiples,choix-multiples
119_9,,transforme_phrase,transforme_phrase
119_10,,edit_phrase,edit_phrase
120_1,,coche_mots,coche_mots
120_2,,choix-multiples,choix-multiples
120_3,,cache_intrus,cache_intrus
120_4,,transforme_mot,transforme_mot
120_5,,coche_mots,coche_mots
120_6,,transforme_mot,transforme_mot
120_7,,remplir_clavier,remplir_clavier
120_8,,transforme_mot,transforme_mot
120_9,,remplir_clavier_image,remplir_clavier_image
121_10,,remplir_clavier_image,remplir_clavier_image
121_11,,transforme_mot,transforme_mot
121_12,,remplir_clavier_image,remplir_clavier_image
121_13,,remplir_clavier,remplir_clavier
121_14,,cache_intrus,cache_intrus
121_15,,coche_phrases,coche_phrases
121_16,,edit_phrase,edit_phrase
121_17,,expression_ecrite,expression_ecrite
121_18,,choix-multiples,choix-multiples
122_1,,coche_mots,coche_mots
122_2,,coche_phrases,coche_phrases
123_3,,remplir_clavier,remplir_clavier
123_4,,transforme_phrase,transforme_phrase
123_5,,transforme_phrase,transforme_phrase
123_6,,remplir_clavier_cadre,remplir_clavier_cadre
123_7,,choix-multiples,choix-multiples
123_8,,edit_phrase,edit_phrase
123_9,,choix-multiples,choix-multiples
123_10,,expression_ecrite,expression_ecrite
124_1,,coche_phrases,coche_phrases
124_2,,edit_phrase,edit_phrase
125_3,,edit_phrase,edit_phrase
125_4,,coche_mots,coche_mots
125_5,,transforme_phrase,transforme_phrase
125_6,,transforme_phrase,transforme_phrase
125_7,,edit_phrase,edit_phrase
125_8,,choix-multiples,choix-multiples
125_9,,coche_phrases,coche_phrases
125_10,,transforme_phrase,transforme_phrase
125_11,,transforme_phrase,transforme_phrase
125_12,,expression_ecrite,expression_ecrite
126_1,,coche_phrases,coche_phrases
126_2,,transforme_mot,transforme_mot
126_3,,transforme_phrase,transforme_phrase
126_4,,transforme_phrase,transforme_phrase
127_6,,transforme_phrase,transforme_phrase
127_7,,choix-multiples,choix-multiples
127_8,,transforme_phrase,transforme_phrase
127_9,,edit_phrase,edit_phrase
127_10,,choix-multiples,choix-multiples
127_11,,choix-multiples,choix-multiples
127_12,,choix-multiples,choix-multiples
127_13,,expression_ecrite,expression_ecrite
128_1,,coche_phrases,coche_phrases
128_2,,classe,classe
129_3,,edit_phrase,edit_phrase
129_4,,coche_phrases,coche_phrases
129_5,,transforme_phrase,transforme_phrase
129_6,,transforme_phrase,transforme_phrase
129_7,,edit_phrase,edit_phrase
129_8,,edit_phrase,edit_phrase
129_9,,choix-multiples,choix-multiples
129_10,,choix-multiples,choix-multiples
129_11,,expression_ecrite,expression_ecrite
130_1,,coche_phrases,coche_phrases
130_2,,choix-multiples,choix-multiples
131_3,,edit_phrase,edit_phrase
131_4,,edit_phrase,edit_phrase
131_5,,choix-multiples,choix-multiples
131_6,,remplir_clavier_image,remplir_clavier_image
131_7,,transforme_phrase,transforme_phrase
131_8,,choix-multiples,choix-multiples
131_9,,choix-multiples,choix-multiples
131_10,,expression_ecrite,expression_ecrite
132_1,,coche_mots,coche_mots
132_2,,choix-multiples,choix-multiples
132_3,,edit_phrase,edit_phrase
132_4,,edit_phrase,edit_phrase
132_5,,transforme_phrase,transforme_phrase
132_6,,choix-multiples,choix-multiples
132_7,,choix-multiples,choix-multiples
132_8,,choix-multiples,choix-multiples
133_9,,transforme_phrase,transforme_phrase
133_10,,choix-multiples,choix-multiples
133_11,,edit_phrase,edit_phrase
133_12,,edit_phrase,edit_phrase
133_13,,edit_phrase,edit_phrase
133_14,,transforme_phrase,transforme_phrase
133_15,,choix-multiples,choix-multiples
133_16,,choix-multiples,choix-multiples
133_17,,choix-multiples,choix-multiples
133_18,,transforme_phrase,transforme_phrase
134_1,,vrai-faux,vrai-faux
134_2,,classe,classe
134_3,,classe,classe
135_8,,remplir_clavier,remplir_clavier
135_9,,transforme_phrase,transforme_phrase
135_10,,expression_ecrite,expression_ecrite
136_1,,coche_phrases,coche_phrases
137_3,,transforme_mot,transforme_mot
137_4,,transforme_mot,transforme_mot
137_5,,edit_phrase,edit_phrase
137_6,,transforme_mot,transforme_mot
137_7,,transforme_mot,transforme_mot
137_8,,transforme_phrase,transforme_phrase
137_10,,expression_ecrite,expression_ecrite
139_2,,coche_phrases,coche_phrases
139_3,,coche_mots,coche_mots
139_4,,remplir_clavier,remplir_clavier
139_5,,classe,classe
139_6,,edit_phrase,edit_phrase
139_7,,transforme_phrase,transforme_phrase
139_8,,transforme_mot,transforme_mot
139_9,,transforme_mot,transforme_mot
139_10,,expression_ecrite,expression_ecrite
140_1,,coche_mots,coche_mots
140_2,,transforme_mot,transforme_mot
140_3,,classe,classe
141_5,,transforme_mot,transforme_mot
141_6,,transforme_phrase,transforme_phrase
141_7,,transforme_mot,transforme_mot
141_8,,remplir_clavier_cadre,remplir_clavier_cadre
141_9,,transforme_phrase,transforme_phrase
141_10,,expression_ecrite,expression_ecrite
141_11,,expression_ecrite,expression_ecrite
142_1,,transforme_mot,transforme_mot
142_2,,classe,classe
142_3,,cache_intrus,cache_intrus
142_4,,transforme_phrase,transforme_phrase
142_5,,remplir_clavier_cadre,remplir_clavier_cadre
143_6,,remplir_clavier_image,remplir_clavier_image
143_7,,transforme_phrase,transforme_phrase
143_8,,cache_intrus,cache_intrus
143_9,,remplir_clavier,remplir_clavier
143_10,,transforme_mot,transforme_mot
143_11,,remplir_clavier_image,remplir_clavier_image
143_12,,remplir_clavier,remplir_clavier
143_13,,remplir_clavier_cadre,remplir_clavier_cadre
143_14,,remplir_clavier_cadre,remplir_clavier_cadre
143_15,,expression_ecrite,expression_ecrite
144_1,,coche_groupe_mots,coche_groupe_mots
144_2,,choix-multiples,choix-multiples
145_3,,coche_mots,coche_mots
145_4,,coche_mots,coche_mots
145_5,,choix-multiples,choix-multiples
145_6,,transforme_mot,transforme_mot
145_7,,edit_phrase,edit_phrase
145_8,,remplir_clavier_cadre,remplir_clavier_cadre
145_9,,expression_ecrite,expression_ecrite
146_1,,coche_groupe_mots,coche_groupe_mots
146_2,,coche_groupe_mots,coche_groupe_mots
146_3,,coche_groupe_mots,coche_groupe_mots
147_4,,classe,classe
147_6,,remplir_clavier,remplir_clavier
147_7,,transforme_phrase,transforme_phrase
147_8,,transforme_phrase,transforme_phrase
147_9,,remplir_clavier,remplir_clavier
147_10,,transforme_phrase,transforme_phrase
147_11,,expression_ecrite,expression_ecrite
148_1,,coche_mots,coche_mots
149_3,,choix-multiples,choix-multiples
149_4,,choix-multiples,choix-multiples
149_5,,choix-multiples,choix-multiples
149_6,,choix-multiples,choix-multiples
149_7,,transforme_phrase,transforme_phrase
149_8,,remplir_clavier,remplir_clavier
149_9,,expression_ecrite,expression_ecrite
150_1,,classe,classe
150_2,,classe,classe
150_4,,transforme_mot,transforme_mot
150_5,,transforme_mot,transforme_mot
150_6,,transforme_mot,transforme_mot
150_7,,cache_intrus,cache_intrus
150_8,,transforme_mot,transforme_mot
151_9,,coche_mots,coche_mots
151_10,,remplir_clavier_image,remplir_clavier_image
151_11,,choix-multiples,choix-multiples
151_12,,transforme_mot,transforme_mot
151_13,,transforme_mot,transforme_mot
151_14,,transforme_mot,transforme_mot
151_15,,transforme_phrase,transforme_phrase
151_16,,choix-multiples,choix-multiples
151_17,,remplir_clavier,remplir_clavier
154_1,,coche_mots,coche_mots
154_2,,edit_phrase,edit_phrase
155_3,,remplir_clavier,remplir_clavier
155_4,,swap,swap
155_5,,swap,swap
155_6,,vrai-faux,vrai-faux
155_7,,transforme_mot,transforme_mot
155_8,,remplir_clavier,remplir_clavier
155_9,,remplir_clavier_image,remplir_clavier_image
155_10,,swap,swap
155_11,,expression_ecrite,expression_ecrite
155_12,,expression_ecrite,expression_ecrite
156_1,,swap,swap
157_3,,vrai-faux,vrai-faux
157_4,,cache_intrus,cache_intrus
157_5,,transforme_phrase,transforme_phrase
157_6,,coche_mots,coche_mots
158_1,,transforme_mot,transforme_mot
158_2,,transforme_mot,transforme_mot
158_3,,transforme_mot,transforme_mot
159_4,,remplir_clavier_image,remplir_clavier_image
159_5,,transforme_phrase,transforme_phrase
159_6,,transforme_phrase,transforme_phrase
159_7,,coche_phrases,coche_phrases
159_9,,remplir_clavier,remplir_clavier
159_10,,expression_ecrite,expression_ecrite
159_11,,expression_ecrite,expression_ecrite
160_1,,transforme_phrase,transforme_phrase
160_3,,classe,classe
161_4,,classe,classe
161_5,,coche_mots,coche_mots
161_6,,transforme_mot,transforme_mot
161_7,,transforme_mot,transforme_mot
161_8,,transforme_mot,transforme_mot
161_9,,remplir_clavier_image,remplir_clavier_image
161_11,,transforme_mot,transforme_mot
161_13,,expression_ecrite,expression_ecrite
162_1,,coche_mots,coche_mots
162_2,,vrai-faux,vrai-faux
163_3,,coche_intrus,coche_intrus
163_4,,choix-multiples,choix-multiples
163_5,,choix-multiples,choix-multiples
163_7,,transforme_mot,transforme_mot
163_8,,transforme_phrase,transforme_phrase
163_9,,remplir_clavier_image,remplir_clavier_image
163_10,,edit_phrase,edit_phrase
163_11,,expression_ecrite,expression_ecrite
164_1,,vrai-faux,vrai-faux
165_3,,cache_intrus,cache_intrus
165_4,,transforme_mot,transforme_mot
165_6,,coche_mots,coche_mots
165_7,,transforme_mot,transforme_mot
165_9,,remplir_clavier_image,remplir_clavier_image
165_10,,remplir_clavier,remplir_clavier
165_11,,transforme_mot,transforme_mot
165_12,,transforme_mot,transforme_mot
165_13,,expression_ecrite,expression_ecrite
166_1,,coche_phrases,coche_phrases
166_2,,swap,swap
166_3,,swap,swap
166_4,,swap,swap
166_6,,edit_phrase,edit_phrase
166_7,,transforme_mot,transforme_mot
166_8,,expression_ecrite,expression_ecrite
166_9,,vrai-faux,vrai-faux
167_13,,cache_intrus,cache_intrus
167_14,,coche_intrus,coche_intrus
167_15,,classe,classe
167_16,,remplir_clavier,remplir_clavier
167_19,,remplir_clavier_image,remplir_clavier_image
167_20,,remplir_clavier_image,remplir_clavier_image
167_21,,transforme_mot,transforme_mot
167_22,,transforme_mot,transforme_mot
167_23,,transforme_mot,transforme_mot
168_1,,coche_phrases,coche_phrases
168_2,,classe,classe
168_4,,cache_intrus,cache_intrus
169_5,,coche_mots,coche_mots
169_6,,coche_mots,coche_mots
169_7,,choix-multiples,choix-multiples
169_9,,transforme_phrase,transforme_phrase
169_10,,remplir_clavier_double,remplir_clavier_double
169_11,,remplir_clavier_double,remplir_clavier_double
169_12,,expression_ecrite,expression_ecrite
170_1,,coche_phrases,coche_phrases
170_3,,cache_intrus,cache_intrus
171_4,,classe,classe
171_5,,transforme_mot,transforme_mot
171_6,,transforme_mot,transforme_mot
171_8,,choix-multiples,choix-multiples
171_9,,remplir_clavier,remplir_clavier
171_10,,transforme_phrase,transforme_phrase
171_12,,remplir_clavier_double,remplir_clavier_double
171_13,,remplir_clavier_image,remplir_clavier_image
171_14,,expression_ecrite,expression_ecrite
172_1,,classe,classe
173_3,,cache_intrus,cache_intrus
173_4,,classe,classe
173_5,,coche_mots,coche_mots
173_6,,transforme_mot,transforme_mot
173_7,,remplir_clavier_double,remplir_clavier_double
173_9,,choix-multiples,choix-multiples
173_10,,expression_ecrite,expression_ecrite
173_11,,expression_ecrite,expression_ecrite
174_1,,coche_phrases,coche_phrases
174_2,,transforme_phrase,transforme_phrase
175_3,,edit_phrase,edit_phrase
175_4,,edit_phrase,edit_phrase
175_5,,transforme_mot,transforme_mot
175_6,,remplir_clavier_image,remplir_clavier_image
175_8,,coche_groupe_mots,coche_groupe_mots
175_9,,transforme_phrase,transforme_phrase
175_10,,expression_ecrite,expression_ecrite
175_11,,expression_ecrite,expression_ecrite
176_1,,classe,classe
176_2,,choix-multiples,choix-multiples
176_3,,coche_phrases,coche_phrases
177_6,,transforme_phrase,transforme_phrase
177_8,,transforme_phrase,transforme_phrase
177_9,,transforme_phrase,transforme_phrase
177_10,,expression_ecrite,expression_ecrite
177_11,,expression_ecrite,expression_ecrite
178_1,,coche_phrases,coche_phrases
178_2,,remplir_clavier_double,remplir_clavier_double
178_3,,coche_mots,coche_mots
178_7,,remplir_clavier_double,remplir_clavier_double
178_8,,classe,classe
179_9,,remplir_clavier_double,remplir_clavier_double
179_10,,remplir_clavier_double,remplir_clavier_double
179_11,,transforme_phrase,transforme_phrase
179_12,,remplir_clavier_double,remplir_clavier_double
179_14,,classe,classe
179_15,,classe,classe
179_16,,remplir_clavier,remplir_clavier
179_17,,remplir_clavier,remplir_clavier
179_18,,transforme_mot,transforme_mot
180_1,,transforme_phrase,transforme_phrase
180_2,,classe,classe
180_3,,choix-multiples,choix-multiples
180_4,,choix-multiples,choix-multiples
180_5,,expression_ecrite,expression_ecrite
180_6,,swap,swap
181_7,,swap,swap
181_8,,remplir_clavier,remplir_clavier
181_9,,classe,classe
181_10,,remplir_clavier_image,remplir_clavier_image
181_11,,choix-multiples,choix-multiples
181_12,,expression_ecrite,expression_ecrite
182_1,,classe,classe
182_2,,cache_intrus,cache_intrus
182_3,,coche_mots,coche_mots
183_5,,choix-multiples,choix-multiples
183_6,,coche_mots,coche_mots
183_7,,choix-multiples,choix-multiples
183_9,,choix-multiples,choix-multiples
183_10,,expression_ecrite,expression_ecrite
184_1,,remplir_clavier_image,remplir_clavier_image
184_2,,classe,classe
184_3,,classe,classe
184_4,,transforme_phrase,transforme_phrase
184_5,,choix-multiples,choix-multiples
185_7,,remplir_clavier_image,remplir_clavier_image
185_10,,transforme_mot,transforme_mot
185_11,,transforme_mot,transforme_mot
185_12,,expression_ecrite,expression_ecrite
186_1,,classe,classe
186_2,,classe-cm,classe-cm
186_3,,choix-multiples,choix-multiples
187_4,,choix-multiples,choix-multiples
187_5,,coche_intrus,coche_intrus
187_6,,swap,swap
187_7,,classe-cm,classe-cm
187_8,,coche_mots,coche_mots
187_9,,choix-multiples,choix-multiples
187_10,,expression_ecrite,expression_ecrite
188_1,,classe-cm,classe-cm
188_2,,choix-multiples,choix-multiples
189_3,,choix-multiples,choix-multiples
189_5,,remplir_clavier,remplir_clavier
189_6,,choix-multiples,choix-multiples
189_7,,expression_ecrite,expression_ecrite
190_1,,coche_phrases,coche_phrases
190_3,,choix-multiples,choix-multiples
191_4,,expression_ecrite,expression_ecrite
191_5,,coche_mots,coche_mots
191_6,,choix-multiples,choix-multiples
191_8,,expression_ecrite,expression_ecrite
191_9,,expression_ecrite,expression_ecrite
